ID,Harga
1,Rp 100.000 – Rp 3.000.000 
2,Rp 200.000 – Rp 2.700.000 
3,Rp 100.000 – Rp 350.000 
4,Rp 300.000 – Rp 8.000.000 
5,Rp 200.000 – Rp 5.000.000 
6,Rp 50.000 - Rp 1.200.000 
7,Rp 100.000 – Rp 1.000.000 
8,Rp 100.000 – Rp 1.000.000 
9,Rp 50.000 – Rp 500.000 
10,Rp 200.000 – Rp 2.000.000
11,Rp 100.000 – Rp 1.600.000 
12,Rp 100.000 - Rp 1.000.000 
13,Rp 150.000 – Rp 400.000 
14,Rp 50.000 - Rp 1.000.000
